	L	s	dL	gs
0	1.0	8.765349032800673	1.2999999999999992	0.256
1	2.299999999999999	8.612594781732387	0.0564480000000024	0.23632722329599987
2	2.356448000000001	8.486781014693182	0.02452750107079349	0.21893326744991162
3	2.380975501070795	8.331420331640143	0.007927803887034906	0.19776516544772546
4	2.3889033049578297	8.173736135259292	2.121772362213852e-15	0.17886749115398135
5	2.388903304957832	8.00490234381339	2.121772362213854e-15	0.1617756055232908
6	2.388903304957834	7.824636365350784	2.121772362213856e-15	0.14631695437544495
7	2.3889033049578363	7.632738965869901	2.1217723622138566e-15	0.13233547214029018
8	2.3889033049578385	7.4291090213249795	2.121772362213858e-15	0.11969000626992628
9	2.3889033049578408	7.213757952381867	2.12177236221386e-15	0.10825289220798011
10	2.388903304957843	6.969551017506609	2.121772362213863e-15	0.09718262504431421
11	2.388903304957845	6.701658162090158	2.121772362213865e-15	0.08686454139973182
12	2.3889033049578474	8.306732175126285	0.006131790937582455	0.19523725205804854
13	2.39503509589543	8.147272421817656	2.1272184865987408e-15	0.1765332492298402
14	2.395035095895432	7.9765669702298325	2.127218486598743e-15	0.1596211161299232
15	2.3950350958954343	7.794341333019322	2.127218486598745e-15	0.14432918912283646
16	2.3950350958954365	8.757541994649056	0.06406081865203146	0.28533373240508403
17	2.459095914547468	8.6101914606603	0.019223874029107257	0.25572930185715825
18	2.478319788576575	8.561212952917941	0.009382682583334124	0.24753907061233235
19	2.4877024711599094	8.470314732401297	0.0038075071391647764	0.23148729168265866
20	2.491509978299074	8.39384668207366	0.001649314495124683	0.21912663840344923
21	2.4931592927941986	8.240808797140005	0.000581470562422759	0.19725067498757978
22	2.4937407633566213	8.076651521774217	2.2148867303398683e-15	0.17757499303493435
23	2.4937407633566235	7.900367127076995	2.21488673033987e-15	0.15986195308757487
24	2.4937407633566258	7.7116431684440805	2.214886730339872e-15	0.14391578233060323
25	2.493740763356628	7.510268332041855	2.2148867303398726e-15	0.12956023621507565
26	2.49374076335663	7.647583821077445	2.2148867303398746e-15	0.13908325463445376
27	2.4937407633566324	7.442070910869138	2.2148867303398766e-15	0.12520975137116377
28	2.4937407633566346	7.223814111406989	2.214886730339879e-15	0.11272012493260285
29	2.493740763356637	6.992906994715769	2.214886730339881e-15	0.10147633411679938
30	2.493740763356639	6.748154415901496	2.2148867303398833e-15	0.09129842347041925
31	2.4937407633566413	6.4910819785438	2.2148867303398852e-15	0.082134436692861
32	2.4937407633566435	6.222497554431184	2.2148867303398872e-15	0.07389027580568597
33	2.4937407633566457	5.943209847207401	2.214886730339889e-15	0.0664736142168599
34	2.493740763356648	5.657232844757858	-0.012304869970456087	0.05970394188157965
35	2.481435893386192	5.426232434316928	-0.37987261460829813	0.05081485161988395
36	2.1015632787778937	6.161061699118845	-0.5461467675957679	0.05756928276056205
37	1.5554165111821259	6.239217308491229	-0.5434946412946157	0.05204634836329172
38	1.01192186988751	6.745766427011278	-0.3485155136849478	0.055883143413242596
39	0.6634063562025623	8.274212590728958	1.0307072109739635	0.13684173065400942
40	1.6941135671765257	8.088146781519965	1.5046751108873884e-15	0.12523534137713224
41	1.6941135671765273	7.850172540621303	1.50467511088739e-15	0.11250556792211316
42	1.6941135671765288	7.598138920939679	1.5046751108873911e-15	0.10106973538212796
43	1.6941135671765304	7.332337104438782	1.5046751108873925e-15	0.0907963187856196
44	1.694113567176532	7.053257141490404	1.504675110887394e-15	0.08156716225535532
45	1.6941135671765335	8.863832747050653	0.44098937825322915	0.2467400558263854
46	2.1351029454297628	8.686199835984048	0.0601506546937503	0.22515841736894698
47	2.1952536001235132	8.529673149489065	0.020109252418034594	0.2045828542191339
48	2.215362852541548	8.38576645683438	1.967637477432714e-15	0.18645384399897422
49	2.2153628525415496	8.232326529458055	1.9676374774327155e-15	0.16993132721061793
50	2.2153628525415514	8.069100876125358	1.9676374774327167e-15	0.15487294521919845
51	2.215362852541553	7.895893285636419	1.9676374774327175e-15	0.14114895443110567
52	2.215362852541555	7.712573873689095	1.9676374774327187e-15	0.12864110841823548
53	2.2153628525415567	7.51908912526612	1.9676374774327206e-15	0.11724163910225423
54	2.2153628525415585	7.288066914963812	1.9676374774327226e-15	0.10556202315039066
55	2.2153628525415603	7.006211886135361	1.967637477432724e-15	0.0935451066969158
56	2.215362852541562	6.708012910681536	1.9676374774327258e-15	0.08289616592958395
57	2.215362852541564	6.394367737857898	1.9676374774327273e-15	0.07345947392084892
58	2.2153628525415656	6.066505348069047	1.967637477432729e-15	0.06509703130675258
59	2.2153628525415674	5.770083378529742	-0.09973896388936034	0.05729870985852443
60	2.115623888652207	6.03339946423503	-0.35170982370400433	0.05789888108604232
61	1.7639140649482028	6.403757015643572	-0.47338633152232784	0.05853018620671954
62	1.290527733425875	6.570770755675127	-0.4163355311486392	0.05578906201960552
63	0.8741922022772357	6.752708553611978	-0.19085668053132893	0.056278464777938804
64	0.6833355217459067	6.58367992946223	-0.0215560819818044	0.0532052793549569
65	0.6617794397641024	6.454582683507715	-0.03866043558378529	0.05073736779517756
66	0.6231190041803171	6.3193816197016215	-0.033033743763272456	0.048394894084165155
67	0.5900852604170446	6.1843331633362535	-0.030437172675672187	0.046218544303666835
68	0.5596480877413724	6.049541354487518	-0.027848478074703652	0.04419226414683288
69	0.5317996096666687	5.91562918527913	-0.025559161069263	0.0423056154763465
70	0.5062404485974057	5.783046472359827	-0.02350544259653354	0.04054790391782044
71	0.48273500600087216	5.652157788000032	-0.02166314081634462	0.03890898379434121
72	0.46107186518452753	5.523250020256367	-0.02000754382999039	0.03737932306181222
73	0.44106432135453716	5.396545437152934	-0.018517065626555	0.0359500625728437
74	0.42254725572798213	5.272212324732597	-0.017172659838506944	0.034613028481946966
75	0.40537459588947516	5.150374105097457	-0.015957592894106087	0.033360718316783236
76	0.3894170029953691	5.031117063451967	-0.014857186196204353	0.032186270754162714
77	0.3745598167991647	4.914496872177134	-0.013858574336593679	0.031083426255130164
78	0.36070124246257107	4.8005440804740775	-0.012950482597892405	0.030046483321086424
79	0.3477507598646787	4.68926872114435	-0.012123026455267867	0.0290702534923642
80	0.3356277334094108	4.5806641678602755	-0.011367533360839843	0.02815001707513841
81	0.324260200048571	4.474710358679515	-0.010676385850841488	0.027281480805684787
82	0.3135838141977295	4.37137648528371	-0.01004288435098668	0.026460738135478674
83	0.30354092984674286	4.270623232811905	-0.009461127765540856	0.025684232470264853
84	0.294079802081202	8.925157035211367	2.1059201979187994	0.31704498056722413
85	2.4000000000000012	8.743282537467321	0.05930433121638667	0.28186431593545935
86	2.459304331216388	8.595518274994266	0.01849232699486862	0.25265732445605305
87	2.4777966582112567	8.489544920589765	0.007309308826193309	0.23390047800457076
88	2.48510596703745	8.414731845525472	0.003171611279134799	0.22179375604279966
89	2.488277578316585	8.271990301853826	0.0012023478086071672	0.2009344449493942
90	2.489479926125192	8.11014617101086	2.655010522699662e-05	0.18092449225844015
91	2.4895064762304187	7.936307546658384	2.211125927891561e-15	0.1629079844509967
92	2.489506476230421	7.750118668353839	2.211125927891563e-15	0.14668556515818054
93	2.489506476230423	7.551349760673247	2.2111259278915638e-15	0.132078578580948
94	2.4895064762304253	7.339886397307028	2.2111259278915657e-15	0.11892615951100473
95	2.4895064762304275	7.115747281028311	2.2111259278915673e-15	0.10708346173917029
96	2.4895064762304298	8.418166372211962	0.002357051763474153	0.222827488529631
97	2.491863527993904	8.284431060490736	0.0009240471144341308	0.20300220174975672
98	2.492787575108338	8.123476671443107	8.914737853545773e-05	0.18275698120495817
99	2.4928767224868738	7.950600190833539	2.2141193078856196e-15	0.1645333562322457
100	2.492876722486876	7.765368671458203	2.2141193078856215e-15	0.14812690127928535
101	2.492876722486878	7.567541480197987	2.2141193078856223e-15	0.1333564171123555
102	2.4928767224868804	9.059907834101379	0.0071232775131218114	0.40000000000000013
103	2.500000000000002	8.985413512894947	2.220446049250314e-15	0.3681342736035835
104	2.5000000000000044	8.883173505712396	2.220446049250316e-15	0.33132084624322494
105	2.5000000000000067	8.771782651491165	2.220446049250321e-15	0.29818876161890256
106	2.500000000000009	8.650659276523726	2.2204460492503198e-15	0.26836988545701185
107	2.500000000000011	8.845082506086571	2.220446049250324e-15	0.3192719888219017
108	2.5000000000000133	8.730335724202806	2.220446049250326e-15	0.2873447899397112
109	2.5000000000000155	8.605654056819407	2.2204460492503257e-15	0.2586103109457398
110	2.5000000000000178	8.490982733764149	2.2204460492503277e-15	0.2363746399255823
111	2.50000000000002	8.658176357933776	2.2204460492503296e-15	0.27006380332645047
112	2.500000000000022	8.52738109092595	2.2204460492503316e-15	0.24305742299380567
113	2.5000000000000244	8.45088296837654	2.2204460492503336e-15	0.22937584034721126
114	2.5000000000000266	8.366785519890877	2.2204460492503356e-15	0.21581409665970228
115	2.500000000000029	8.212350713764282	2.2204460492503375e-15	0.19423268699373236
116	2.500000000000031	8.046065147191557	2.2204460492503407e-15	0.1748094182943593
117	2.5000000000000333	7.867541687790498	2.220446049250343e-15	0.15732847646492312
118	2.5000000000000355	7.676479746418483	2.2204460492503446e-15	0.14159562881843044
119	2.5000000000000377	7.4726837052615664	2.2204460492503454e-15	0.12743606593658705
120	2.50000000000004	7.25608143275754	2.2204460492503478e-15	0.11469245934292802
121	2.500000000000042	7.026742124271442	2.2204460492503498e-15	0.10322321340863497
122	2.5000000000000444	6.7848925775706075	-2.5085097991441075e-15	0.0929008920677717
123	2.5000000000000417	6.530930917271089	-8.041908457377266e-15	0.08361080286099494
124	2.5000000000000338	7.723572700629038	2.2204460492503435e-15	0.14522821436588218
125	2.500000000000036	7.522849782003464	2.220446049250344e-15	0.1307053929292936
126	2.500000000000038	7.3093257241608125	2.220446049250346e-15	0.11763485363636392
127	2.5000000000000404	7.08303418320418	2.2204460492503474e-15	0.10587136827272726
128	2.5000000000000426	6.844162699206359	-7.95233531711033e-16	0.09528423144545461
129	2.5000000000000417	6.593067127275997	-6.698779440357763e-15	0.08575580830090955
130	2.500000000000035	7.110515175610251	2.220446049250343e-15	0.10720164139853974
131	2.5000000000000373	8.962258714237368	2.2204460492503454e-15	0.35916157658715003
132	2.5000000000000395	8.85792797224995	2.2204460492503474e-15	0.32324541892843434
133	2.5000000000000417	8.744309680183088	2.2204460492503513e-15	0.2909208770355905
134	2.500000000000044	8.620823886271321	2.220446049250351e-15	0.26182878933203135
135	2.500000000000046	8.499023014076581	2.220446049250353e-15	0.2378229551994131
136	2.5000000000000484	8.692409075696276	2.2204460492503553e-15	0.27802419075925305
137	2.5000000000000506	8.564501242872435	2.2204460492503573e-15	0.25022177168332843
138	2.500000000000053	8.4696162405332	2.220446049250359e-15	0.2325997972574958
139	2.500000000000055	8.399810533768237	2.2204460492503612e-15	0.2209698073946193
140	2.5000000000000573	8.255236896137793	2.2204460492503628e-15	0.19984263404978164
141	2.5000000000000595	8.092195321745649	2.2204460492503663e-15	0.17985837064480417
142	2.5000000000000617	7.917012699319081	2.2204460492503683e-15	0.16187253358032327
143	2.500000000000064	7.729363253933384	2.2204460492503703e-15	0.1456852802222904
144	2.500000000000066	7.529021164941142	2.2204460492503707e-15	0.1311167522000608
145	2.5000000000000684	7.315879126500855	2.2204460492503726e-15	0.1180050769800543
146	2.5000000000000706	7.089966453381152	2.2204460492503746e-15	0.10620456928204842
147	2.500000000000073	6.851465873486731	-2.6037321674446454e-15	0.09558411235384374
148	2.50000000000007	6.600728042427123	-1.2487383726720729e-14	0.08602570111846009
149	2.5000000000000577	8.300207394708977	2.220446049250363e-15	0.2060292828254528
150	2.50000000000006	8.140606214554653	2.220446049250365e-15	0.18542635454290818
151	2.500000000000062	8.721535912265985	2.2204460492503695e-15	0.2851329376511214
152	2.5000000000000644	8.596103158945281	2.220446049250369e-15	0.2566196438860096
153	2.5000000000000666	8.934460395989166	2.220446049250371e-15	0.34890458511749023
154	2.500000000000069	8.827633797572137	2.2204460492503754e-15	0.3140141266057404
155	2.500000000000071	8.711359392627925	2.2204460492503774e-15	0.28261271394516535
156	2.5000000000000733	8.585059965745263	2.2204460492503774e-15	0.25435144255064934
157	2.5000000000000755	8.480210039087293	2.220446049250379e-15	0.2344581491477899
158	2.5000000000000777	8.41081420176809	2.220446049250381e-15	0.22273524169039804
159	2.50000000000008	8.27991049566632	2.220446049250383e-15	0.20319695921176237
160	2.500000000000082	8.118751621033931	2.220446049250385e-15	0.18287726329058704
161	2.5000000000000844	7.949956904339389	2.220446049250388e-15	0.16502020638670464
162	2.5000000000000866	7.764606314007214	2.22044604925039e-15	0.14851818574803352
163	2.500000000000089	7.5665960509630725	2.2204460492503908e-15	0.13366636717322947
164	2.500000000000091	7.355795769736586	2.2204460492503928e-15	0.12029973045590595
165	2.5000000000000933	7.132208507087613	2.2204460492503947e-15	0.10826975741031482
166	2.5000000000000955	6.895987784049202	-1.4419705947288596e-15	0.09744278166928323
167	2.500000000000094	6.647452612331355	-1.5151772664312983e-14	0.08769850350235588
168	2.500000000000079	9.273892360642884	0.19999999999997095	0.7136288051075297
169	2.70000000000005	9.094951166401872	0.11999999999998263	0.6229856992634547
170	2.8200000000000327	8.962433601399512	0.05752162114787901	0.5435094530028756
171	2.8775216211479115	8.852581117165398	0.02449567577042029	0.47703173678704636
172	2.902017296918332	8.744086037288703	0.01272811491963421	0.41962106434650465
173	2.9147454118379663	8.656739613080916	2.5888139737144325e-15	0.3782570994964485
174	2.914745411837969	8.601043904546803	2.5888139737144403e-15	0.3556039347136731
175	2.9147454118379716	8.540221702204976	2.58881397371444e-15	0.3335484912924406
176	2.9147454118379743	8.430275088910468	2.5888139737144423e-15	0.29942807373252944
177	2.914745411837977	8.291770216304176	2.588813973714448e-15	0.26451780956903465
178	2.9147454118379796	8.912204673221256	0.03410183526481072	0.5522386641284058
179	2.9488472471027904	8.817295223172328	0.01023055057944455	0.48546307745734496
180	2.959077797682235	8.7138816232915	0.008184440463555601	0.4266926464192342
181	2.967262238145791	8.617691726765097	2.6354582855121817e-15	0.38004146062523003
182	2.9672622381457936	8.558976399777196	2.6354582855121904e-15	0.35593854396502855
183	2.9672622381457963	8.502075967673562	2.6354582855121896e-15	0.3351151407963639
184	2.967262238145799	8.41185420424266	2.635458285512192e-15	0.3063004592556455
185	2.9672622381458016	8.273616285333526	2.6354582855121975e-15	0.2699455078046058
186	2.9672622381458043	8.132762858700273	2.6354582855121967e-15	0.24010797343564336
187	2.967262238145807	8.04863090166711	2.6354582855121987e-15	0.22492572879910244
188	2.9672622381458096	7.901446755473353	2.6354582855122014e-15	0.20205271664427218
189	2.9672622381458122	7.734431897604788	2.635458285512204e-15	0.18054651590915646
190	2.967262238145815	7.631406567323205	2.635458285512206e-15	0.1691303961794107
191	2.9672622381458176	7.496685221378831	2.63545828551221e-15	0.15591589537935047
192	2.9672622381458202	7.273106577703377	2.635458285512212e-15	0.13741016143191676
193	2.967262238145823	7.0318351903169045	2.6354582855122136e-15	0.12110088210573865
194	2.9672622381458256	6.772839639003429	2.6354582855122156e-15	0.10672735912659821
195	2.9672622381458282	6.496386143540482	2.635458285512218e-15	0.09405983662606278
196	2.967262238145831	6.203073984685696	2.63545828551222e-15	0.08289582857219539
197	2.9672622381458336	6.841926731180505	2.635458285512223e-15	0.11029435755744772
198	2.9672622381458362	6.569972111186347	2.635458285512225e-15	0.09720346626701684
199	2.967262238145839	6.280969184350571	2.6354582855122274e-15	0.08566633927217665
200	2.9672622381458416	6.1311907475142515	-0.04072856917238622	0.07960626852223207
201	2.9265336689734553	6.099694499079147	-0.09680033151489771	0.07666968743294786
202	2.8297333374585576	6.041953846205267	-0.11775416554871597	0.07275966573867784
203	2.711979171909842	5.9050847899526975	-0.10079885205086303	0.06737643301283767
204	2.611180319858979	5.685786185991506	-0.06460379415935265	0.06120307995900189
205	2.5465765256996264	5.461253337052284	-0.3410419488130792	0.05254127940519591
206	2.205534576886547	5.963487722714048	-0.5297553304303646	0.055442182802843215
207	1.6757792464561825	6.240593504450418	-0.5582062190303159	0.05335180178602778
208	1.1175730274258666	6.658445942102789	-0.3924536020638499	0.05525894092745285
209	0.7251194253620168	6.5888039004718575	-0.07001275015917051	0.05320128268832679
210	0.6551066752028463	8.22455893600576	0.9720529307954234	0.12989532868472994
211	1.6271596059982696	8.000111961104764	1.4452080474554215e-15	0.11721370277411022
212	1.6271596059982711	7.7626190428559845	1.4452080474554229e-15	0.10577017862869897
213	1.6271596059982727	7.512270458897813	1.445208047455424e-15	0.09544388089766845
214	1.6271596059982742	7.2494201734761905	1.4452080474554254e-15	0.08612573523948462
215	1.6271596059982758	6.974596375951711	1.4452080474554268e-15	0.07771731619436906
216	1.6271596059982774	6.924757507276823	-0.12973365835007072	0.07362158903788768
217	1.4974259476482066	6.773604483432253	-0.2840535112795509	0.06480215881929363
218	1.2133724363686555	6.790621224211403	-0.2839867113847698	0.060577711658967234
219	0.9293857249838857	6.942057413044081	-0.17724386845569112	0.06070096092725839
220	0.7521418565281945	8.557155189416868	1.2324264431242584	0.18323340194001228
221	1.984568299652453	8.403095283945264	0.010504445752872646	0.16826765607279237
222	1.9950727454053256	8.25021094390999	0.002560372756776829	0.1547369925799586
223	1.9976331181621025	8.091222730644962	0.0007909411759802421	0.14234104529361824
224	1.9984240593380829	7.924589866046464	0.00025765913286345606	0.13095242814645977
225	1.9986817184709462	7.749948826060567	8.510982170516661e-06	0.12048279874214456
226	1.9986902294531168	7.470720631660216	1.77519352946575e-15	0.10624953514249373
227	1.9986902294531186	7.16787490415728	1.7751935294657518e-15	0.09350794067609937
228	1.9986902294531204	6.846445375578076	1.775193529465753e-15	0.0822943362317632
229	1.9986902294531221	6.507524104217396	1.7751935294657547e-15	0.07242548308581781
230	1.998690229453124	6.1526241105463075	1.7751935294657565e-15	0.06374011676139493
231	1.9986902294531257	6.117125482548889	-0.13178293994433343	0.06101661259421706
232	1.8669072895087924	6.522202770684194	-0.335757691046412	0.06459034187048467
233	1.5311495984623804	9.059907834101379	0.9688504015376226	0.3999999999999999
234	2.500000000000003	8.965390371494223	2.220446049250315e-15	0.36035163636477185
235	2.5000000000000053	8.86134177172094	2.220446049250317e-15	0.3243164727282945
236	2.5000000000000075	9.28402256804513	0.19999999999999937	0.727999999999999
237	2.700000000000007	9.11901542079783	0.11999999999999958	0.6501759999999979
238	2.8200000000000065	8.975046620453607	0.07199999999999987	0.565316147199998
239	2.8920000000000066	8.871157715423456	0.0216000000000013	0.4964643752919032
240	2.9136000000000077	8.760693194215673	0.017280000000001034	0.4358396311378823
241	2.9308800000000086	8.738974222161376	0.013824000000000879	0.4301782947286168
242	2.9447040000000095	8.64327442822344	2.6154225452046425e-15	0.38314505652831515
243	2.944704000000012	8.58266303124046	2.6154225452046508e-15	0.35798929059825274
244	2.944704000000015	8.718374528704482	0.01004011482385217	0.4235550143417675
245	2.954744114823867	8.625839741133184	2.624339958522504e-15	0.379123888051029
246	2.95474411482387	8.567219486993398	2.6243399585225128e-15	0.3551829857984079
247	2.9547441148238724	8.885965996970315	0.018102354070453637	0.5469956688753214
248	2.972846468894326	8.79485745982008	0.005430706221137424	0.4810813901712809
249	2.9782771751154637	8.694456373016227	0.0043445649769098945	0.42307451082617664
250	2.9826217400923736	8.598890345370881	2.6491002636784793e-15	0.377336240266312
251	2.9826217400923762	8.541594267354027	2.649100263678487e-15	0.35405493589534276
252	2.982621740092379	8.483700138305593	2.6491002636784864e-15	0.33306263045058604
253	2.9826217400923816	8.392417775565736	2.649100263678489e-15	0.30421487808977177
254	2.9826217400923842	8.252793480431556	2.649100263678494e-15	0.2679205617277676
255	2.982621740092387	8.112735415124616	2.6491002636784935e-15	0.23857886522833832
256	2.9826217400923896	8.03042728823109	2.649100263678496e-15	0.2238524068318743
257	2.9826217400923922	8.22237745465088	2.649100263678501e-15	0.26102381215648984
258	2.982621740092395	8.609696759311921	2.6491002636784974e-15	0.3820439536686411
259	2.9826217400923976	8.551865492348847	2.6491002636785057e-15	0.3580326162745385
260	2.9826217400924	8.495289904463707	2.6491002636785053e-15	0.3370812424403986
261	2.982621740092403	8.416917506737319	2.6491002636785077e-15	0.3115026991284799
262	2.9826217400924055	8.279877308169917	2.649100263678513e-15	0.2743389102277573
263	2.982621740092408	8.128579821264761	2.6491002636785155e-15	0.24160894231581437
264	2.982621740092411	8.126090280810693	2.6491002636785148e-15	0.24112839060516159
265	2.9826217400924135	8.044431028916364	2.6491002636785175e-15	0.2262445608532908
266	2.982621740092416	7.9082701946673275	2.6491002636785195e-15	0.20471178802772844
267	2.982621740092419	7.727063761957037	2.649100263678522e-15	0.181033719589292
268	2.9826217400924215	7.626926308297882	2.6491002636785246e-15	0.16985927822652852
269	2.982621740092424	8.243258452499715	2.6491002636785293e-15	0.26572407533517894
270	2.982621740092427	8.107424330193739	2.649100263678529e-15	0.23757803068142547
271	2.9826217400924295	8.024858739826751	2.6491002636785313e-15	0.22291334954382713
272	2.982621740092432	7.866303313922142	2.6491002636785337e-15	0.1987755654748584
273	2.982621740092435	7.703318221318604	2.6491002636785364e-15	0.17827454754694813
274	2.9826217400924375	7.602140338180359	2.6491002636785384e-15	0.1672704181363831
275	2.98262174009244	7.458214989666491	2.6491002636785424e-15	0.1534478147166052
276	2.982621740092443	8.581252120206091	2.6491002636785404e-15	0.3698770234477131
277	2.9826217400924455	8.52488159704504	2.6491002636785487e-15	0.34775243235533854
278	2.982621740092448	8.464807768373019	2.6491002636785475e-15	0.3266952721218064
279	2.982621740092451	8.351360515603618	2.6491002636785503e-15	0.29266756570751823
280	2.9826217400924535	8.207440128827391	2.649100263678556e-15	0.2577508999435511
281	2.982621740092456	8.087811850138955	2.649100263678555e-15	0.23394503326908034
282	2.982621740092459	8.999113925605336	0.006951303963019119	0.6816683129511235
283	2.989573044055478	8.943396479917446	0.004170782377811474	0.6194850992352561
284	2.9937438264332896	8.863922408964722	0.0025024694266868085	0.5449015164708665
285	2.9962462958599763	8.796122775347499	0.0007507408280074104	0.49270583002942436
286	2.9969970366879837	8.701357650938617	0.000600592662405927	0.4335442187011553
287	2.9975976293503894	8.596358526472965	1.4128275839927103e-05	0.381558313289136
288	2.9976117576262293	8.539395265987421	2.6624140737629816e-15	0.3579148075853715
289	2.997611757626232	8.481594774249476	2.662414073762981e-15	0.33652373211972436
290	2.9976117576262347	8.407683446510394	2.6624140737629835e-15	0.3123504211910598
291	2.9976117576262373	8.498038966165073	2.662414073762989e-15	0.34236806189113206
292	2.99761175762624	8.437660972873598	2.6624140737629883e-15	0.3217642701758459
293	2.9976117576262427	8.309553654172456	2.662414073762991e-15	0.28474154919236755
294	2.9976117576262453	8.161874356390586	2.662414073762996e-15	0.25059976456261746
295	2.997611757626248	8.056119245982744	2.6624140737629954e-15	0.23032449248944423
296	2.9976117576262507	7.951076739812372	2.662414073762998e-15	0.2128565962840622
297	2.9976117576262533	7.768276005482859	2.662414073763e-15	0.18739509266999826
298	2.997611757626256	7.640718339066817	2.662414073763003e-15	0.1725305279818292
299	2.9976117576262586	7.540047787270224	2.662414073763005e-15	0.16213753119365654
300	2.9976117576262613	7.345070562110106	2.6624140737630088e-15	0.1447191034527952
301	2.997611757626264	7.108977550839651	2.662414073763011e-15	0.12736663601026585
302	2.9976117576262666	6.854793003647151	2.662414073763012e-15	0.11209480698491857
303	2.9976117576262693	6.582665835945281	2.6624140737630143e-15	0.09865413852944489
304	2.997611757626272	6.2930785747981	2.6624140737630167e-15	0.08682506630567058
305	2.9976117576262746	6.092786617521538	-0.02747695416144085	0.07924408030067119
306	2.9701348034648336	6.071753160412804	-0.09235187750120014	0.07674025197569358
307	2.8777829259636336	6.041192073101088	-0.12426870419446988	0.07348939179624393
308	2.753514221769164	5.934409649676808	-0.11417128035503721	0.06858622818010318
309	2.6393429414141267	5.736932013152563	-0.07788825710140712	0.06256735411637727
310	2.5614546843127197	5.513823957216866	-0.2688236100056166	0.054487384976529114
311	2.2926310743071032	5.769406137522023	-0.49703413824825227	0.05339578537025607
312	1.795596936058851	6.250520965923885	-0.5614359334363628	0.05498610419023515
313	1.2341610026224883	8.069534812227568	0.1953432371758261	0.11208907024993553
314	1.4295042397983144	7.81956961216699	0.04050587943317492	0.10247516218049549
315	1.4700101192314894	7.577880442961373	0.012714105316108896	0.09343679065798251
316	1.4827242245475982	7.330676202401074	0.004930601641738605	0.0851243310796281
317	1.4876548261893368	7.093801563814836	-0.05896892694256175	0.07670159168296432
318	1.428685899246775	6.905580405379855	-0.20335200833665537	0.06793499308398553
319	1.2253338909101197	6.815781799496664	-0.24472051131550118	0.06186951203719438
320	0.9806133795946185	7.021912122295152	-0.20207708045731293	0.06266964962894662
321	0.7785362991373055	6.8540550439878345	-0.027326772034922658	0.059051771225710835
322	0.7512095271023829	6.73270344498736	-0.0474156440621428	0.05622246373162061
323	0.70379388304024	6.600939133427849	-0.04006520072706616	0.05350569844909831
324	0.6637286823131738	6.4676993433553065	-0.036865110474900625	0.05097887664367863
325	0.6268635718382732	6.333052146934218	-0.033577713801459734	0.04862374583765225
326	0.5932858580368136	6.197959823010377	-0.03068720338383121	0.04643118609717707
327	0.5625986546529823	6.063113820999096	-0.02809663176303195	0.044390250196885805
328	0.5345020228899504	5.929090645882949	-0.02577895058560942	0.042490000247463855
329	0.508723072304341	5.7963558279346845	-0.023702695362370595	0.04071974570690196
330	0.4850203769419704	5.665281978835904	-0.021840218857720993	0.039069279999070824
331	0.46318015808424945	5.536163217973124	-0.020166803666862784	0.03752900569252483
332	0.44301335441738665	5.409227823473609	-0.01866056580082206	0.036089994599547495
333	0.4243527886165646	5.284649091123255	-0.017302213384042774	0.034744003994271036
334	0.40705057523252186	5.162554598709364	-0.016074791223769924	0.03348346481257477
335	0.39097578400875194	5.043034064811097	-0.014963424584893067	0.032301452701705674
336	0.37601235942385886	4.926145986359136	-0.013955075512511392	0.03119164932902858
337	0.36205728391134745	4.811923225500442	-0.013038318220400368	0.030148298915714394
338	0.3490189656909471	4.700377699129139	-0.012203136331611752	0.02916616325648452
339	0.33681582935933535	4.591504306264654	-0.01144074244221473	0.02824047730751407
340	0.32537508691712064	4.4852842107557915	-0.010743419142685336	0.027366906617002557
341	0.3146316677744353	4.381687580360882	-0.010104379919457611	0.02654150732592753
342	0.3045272878549777	8.368248809652185	1.5222856234996645	0.1522900658167428
343	1.826812911354642	8.168428604510783	0.03697812071821444	0.13968272264781126
344	1.8637910320728566	7.998939082371161	0.007806383236151562	0.12895689108610475
345	1.871597415309008	7.778571165044667	1.6623124346439937e-15	0.11638596189275496
346	1.8715974153090096	7.5066794927364295	1.6623124346439953e-15	0.10331630196535091
347	1.8715974153090111	7.217952931315933	1.6623124346439965e-15	0.0917143105422927
348	1.8715974153090127	6.913013084591345	1.6623124346439979e-15	0.08141517454882445
349	1.8715974153090142	8.735909999104233	0.15771679353351048	0.2105531151833082
350	2.029314208842525	8.605647845163823	1.802393087084764e-15	0.19346197804900644
351	2.0293142088425267	8.467423281716764	1.8023930870847656e-15	0.1777581724119812
352	2.0293142088425284	8.321024693387612	1.8023930870847672e-15	0.16332908501144056
353	2.02931420884253	8.16627668261703	1.8023930870847676e-15	0.15007124369420177
354	2.029314208842532	8.00304645322794	1.8023930870847696e-15	0.13788957540750912
355	2.0293142088425338	7.8312502878350685	1.802393087084771e-15	0.12669672442248017
356	2.0293142088425355	7.629396208613196	1.802393087084773e-15	0.11527571700833929
357	2.0293142088425373	7.340978167022707	1.8023930870847747e-15	0.10151417765845684
358	2.029314208842539	7.033721581523686	1.8023930870847763e-15	0.08939548183358724
359	2.029314208842541	7.347046332985169	1.8023930870847775e-15	0.10177753218525788
360	2.0293142088425427	8.230189493953844	1.802393087084779e-15	0.15532478353032123
361	2.0293142088425444	8.07041981633458	1.8023930870847806e-15	0.14271667192218224
362	2.029314208842546	7.902111894495908	1.8023930870847822e-15	0.131131993115366
363	2.029314208842548	7.725214187224603	1.8023930870847838e-15	0.1204876724408517
364	2.0293142088425498	9.15925578480033	0.5005181889052743	0.4671597754594771
365	2.529832397747824	9.042828424074958	2.2469425411378373e-15	0.40432468132637955
366	2.529832397747826	9.026020248605164	2.246942541137844e-15	0.3965318219086087
367	2.5298323977478283	8.941299511512812	2.2469425411378436e-15	0.3611236808136469
368	2.5298323977478305	8.836659536853722	2.2469425411378456e-15	0.3246883252781338
369	2.5298323977478328	9.027664221452866	2.24694254113785e-15	0.39728177844166473
370	2.529832397747835	9.001017421620073	2.2469425411378495e-15	0.38543909388612324
371	2.529832397747837	8.903927562021261	2.2469425411378515e-15	0.34729087409568193
372	2.5298323977478394	8.795546703983748	2.246942541137856e-15	0.3121473659065052
373	2.5298323977478416	8.677467993295082	2.246942541137858e-15	0.28056014514082805
374	2.529832397747844	8.552857088748402	2.2469425411378574e-15	0.25292839693463726
375	2.529832397747846	8.446737767554193	2.2469425411378594e-15	0.23295802892625042
376	2.5298323977478483	8.371900675082106	2.2469425411378614e-15	0.22046787084613875
377	2.5298323977478505	8.240834861156438	2.2469425411378637e-15	0.2011958554045077
378	2.5298323977478527	8.082170543177721	2.2469425411378653e-15	0.1814435614978296
379	2.529832397747855	7.907010331031888	2.246942541137869e-15	0.16316377215766836
380	2.529832397747857	7.718329041413773	2.246942541137871e-15	0.14665269227993952
381	2.5298323977478594	7.516675807143875	2.2469425411378712e-15	0.1318124229940698
382	2.5298323977478616	7.301932095882933	2.2469425411378732e-15	0.11847388946942802
383	2.529832397747864	7.074121732131767	2.246942541137875e-15	0.10648512611474961
384	2.529832397747866	6.8378751429364275	-0.001385935121536473	0.09585308585621556
385	2.5284464626263294	6.600620988991583	-0.005458108701048912	0.08658298748274923
386	2.5229883539252804	6.352687070176366	-0.007423899056438173	0.07818306650000467
387	2.515564454868842	6.0904841869774025	-0.006863091394210931	0.07051130332154636
388	2.508701363474631	5.813521655083994	-0.004760355410279115	0.06351399324731119
389	2.503941008064352	7.836266879118906	2.2239463675649347e-15	0.15483364313133188
390	2.5039410080643543	7.643012246250482	2.2239463675649355e-15	0.13932587079275
391	2.5039410080643565	7.436965600563971	2.2239463675649375e-15	0.1253713203382602
392	2.5039410080643587	8.833318293204076	2.223946367564942e-15	0.31673658127076415
393	2.503941008064361	8.717676149631636	2.223946367564944e-15	0.2850129926868449
394	2.503941008064363	8.592466998352876	2.2239463675649434e-15	0.25655826602782694
395	2.5039410080643654	8.481938147953485	2.2239463675649454e-15	0.23535011563714534
396	2.5039410080643676	8.412073785244237	2.2239463675649474e-15	0.22347116163681444
397	2.50394100806437	8.288747264165842	2.2239463675649493e-15	0.2048746344834229
398	2.503941008064372	8.128980346508472	2.2239463675649513e-15	0.18443574307106225
399	2.5039410080643743	8.967523726896015	2.2239463675649537e-15	0.36249435814664815
400	2.5039410080643765	8.863867305456251	2.2239463675649552e-15	0.3261988952242581
401	2.5039410080643787	8.750913836706578	2.2239463675649596e-15	0.29352758360276565
402	2.503941008064381	8.628393293564606	2.223946367564959e-15	0.2641898604347691
403	2.503941008064383	8.501230587050193	2.223946367564961e-15	0.23882601199983092
404	2.5039410080643854	8.43212350177546	2.2239463675649635e-15	0.22677161719765213
405	2.5039410080643876	8.3319042824373	2.223946367564965e-15	0.21106885011838497
406	2.50394100806439	8.17546092015627	2.223946367564967e-15	0.19001200567798388
407	2.503941008064392	8.006805864939201	2.2239463675649706e-15	0.17102108878847377
408	2.5039410080643942	7.8254422598642215	2.2239463675649726e-15	0.15389202009002245
409	2.5039410080643965	7.631451968572444	2.223946367564973e-15	0.13847855849333118
410	2.5039410080643987	7.424663038781606	2.223946367564975e-15	0.12460887283936722
411	2.503941008064401	7.205031666181066	2.2239463675649773e-15	0.1121283421725202
412	2.503941008064403	6.972659921875978	2.223946367564979e-15	0.10089783200723808
413	2.5039410080644053	6.729552453245651	-0.0005350046394812847	0.09084436849349178
414	2.503406003424924	6.474966739645417	-0.0009271326917238707	0.08179879937582299
415	2.5024788707332	6.208760674800592	-0.0009792166780884359	0.07364448663843337
416	2.5014996540551118	5.931385898521726	-0.0007581625606970878	0.06629144455192311
417	2.5007414914944146	5.648878937314935	-0.0213847270422799	0.05949750364398863
418	2.4793567644521346	5.421698712868395	-0.38650810964195953	0.050646571356324305
419	2.092848654810175	6.176919449637612	-0.5480879430673761	0.05772757294443977
420	1.544760711742799	6.238076577573178	-0.5423058161077029	0.05191509017621898
421	1.002454895635096	6.752761490374432	-0.3446969415605007	0.05592300484601565
422	0.6577579540745954	6.548053871838723	-0.003295640273846788	0.05255057935463076
423	0.6544623138007486	6.422559674007973	-0.03983919765778527	0.050161605389798185
424	0.6146231161429633	6.286775484143993	-0.032100949541402114	0.04785536943556307
425	0.5825221666015612	6.151786020240795	-0.029814801027379864	0.045716661822652445
426	0.5527073655741813	6.017153917840842	-0.027270383927938055	0.043725002389519915
427	0.5254369816462433	5.883524809314537	-0.025043488931173082	0.04187040380195934
428	0.5003934927150703	5.751320347330788	-0.02304287212585755	0.04014224083958056
429	0.47735062058921274	5.620885682875194	-0.021247734305872255	0.03853051183555836
430	0.4561028862833405	5.492491007379041	-0.019633823787345572	0.037025843554897644
431	0.43646906249599493	5.3663446615398085	-0.018180216403747042	0.035619542165842094
432	0.41828884609224787	5.242603335603327	-0.016868445000266206	0.03430359773639851
433	0.4014204010919817	5.121380838999307	-0.015682294655039557	0.03307066559347136
434	0.3857381064369421	5.002755520710594	-0.014607545413218084	0.03191403334464727
435	0.37113056102372405	4.8867765291275695	-0.01363173494916525	0.030827580094014324
436	0.3574988260745588	4.773469075643157	-0.0127439412334205	0.029805732159643532
437	0.3447548848411383	4.662838849198551	-0.01193458744093068	0.028843418100536516
438	0.33282029740020763	4.554875710797605	-0.011195268997588898	0.027936024823461258
439	0.32162502840261875	4.449556779680627	-0.010518601601415111	0.027079355832309356
440	0.31110642680120365	4.3468490069561145	-0.009898088496299775	0.02626959220532063
441	0.3012083383049039	5.930961248449436	0.23762519483711705	0.04278766234982975
442	0.538833533142021	5.8431794205427225	-0.0481431548301405	0.04131050841855714
443	0.4906903783118805	5.707712723244141	-0.020399666013755438	0.039595190054004595
444	0.4702907122981251	5.578230869430496	-0.020859659845138337	0.038021895642231095
445	0.44943105245298676	5.450535794505328	-0.01912389353198634	0.03655052063137395
446	0.4303071589210004	5.325171021319841	-0.017732704042480417	0.03517494910426089
447	0.41257445487852	5.202251436539072	-0.0164631486127988	0.033887223562749785
448	0.3961113062657212	5.081880297330897	-0.01531537288002368	0.032680224274005326
449	0.38079593338569756	8.739421270196695	1.8425095827674898	0.23830828568962606
450	2.223305516153187	8.579890622594268	0.03891558696256675	0.2176400772918948
451	2.262221103115754	8.427920388895195	0.010028232702648946	0.19754494895445013
452	2.272249335818403	8.277047400033956	2.018162824251848e-15	0.17959009379220897
453	2.272249335818405	8.116053851842	2.01816282425185e-15	0.16326715493865246
454	2.2722493358184073	7.944691668324255	2.0181628242518513e-15	0.14842780756383966
455	2.2722493358184095	7.76277985480645	2.0181628242518533e-15	0.1349372080776829
456	2.2722493358184117	7.570215955651104	2.0181628242518553e-15	0.12267276882041457
457	2.272249335818414	7.366987339228086	2.0181628242518573e-15	0.11152304412140678
458	2.272249335818416	9.019382419162268	0.18759236497001633	0.367567232918371
459	2.4598417007884326	8.966874214733615	0.03212663936925615	0.35824268505080703
460	2.4919683401576886	8.855390286768424	0.006425327873851301	0.3220194816513113
461	2.49839366803154	8.740272413062058	0.0010417843311002972	0.2897548815472062
462	2.4994354523626403	8.61607596564264	0.00028436482634911615	0.26076318742372895
463	2.4997198171889896	8.496536552422175	0.00010460257721032068	0.23734679837091982
464	2.4998244197662	8.427696364925877	4.471533735788286e-05	0.225473847325295
465	2.4998691351035576	8.316873328458632	1.85750675338239e-05	0.20839265073524565
466	2.4998877101710915	8.158551572477922	4.238845644082752e-06	0.1875541521228992
467	2.4998919490167357	7.988247530998732	2.2203500806987504e-15	0.16879954752703138
468	2.499891949016738	7.805596310233909	2.2203500806987523e-15	0.15192032233261155
469	2.49989194901674	7.610330146104586	2.2203500806987535e-15	0.13672894670495844
470	2.4998919490167424	7.402292398418975	2.220350080698755e-15	0.12305664298234778
471	2.4998919490167446	7.181455929253374	2.2203500806987575e-15	0.11075151053976372
472	2.499891949016747	6.947939716711378	2.22035008069876e-15	0.09967680277321633
473	2.499891949016749	6.701998871446708	2.220350080698762e-15	0.08970847633185094
474	2.4998919490167513	6.444116043817624	2.2203500806987638e-15	0.08073704715521529
475	2.4998919490167535	6.1749326868115055	2.2203500806987658e-15	0.07266281905435822
476	2.4998919490167557	5.8952780279715835	2.2203500806987677e-15	0.06539606610551332
477	2.499891949016758	8.708273117980013	6.582683111066537e-05	0.28184739847379103
478	2.4999577758478684	8.58168556421395	1.977351908504211e-05	0.25366155277558206
479	2.4999775493669536	8.47846416198728	7.666198500435013e-06	0.2341479243065871
480	2.499985215565454	8.408994740947941	3.317566149310454e-06	0.22244010226409933
481	2.4999885331316034	8.275838908090778	1.2977781459898763e-06	0.2026356738458606
482	2.4999898309097492	8.114368339427708	1.2059433451371833e-07	0.18237218406231936
483	2.4999899515040838	7.940806336905176	2.22043712439309e-15	0.16413503895873333
484	2.499989951504086	7.75481520815482	2.220437124393092e-15	0.14772160103527063
485	2.499989951504088	7.556154904662508	2.2204371243930926e-15	0.13294950030693958
486	2.4999899515040904	8.03539489007543	2.2204371243930958e-15	0.17367446983470733
487	2.4999899515040926	7.85610464394499	2.2204371243930977e-15	0.1563070926579245
488	2.499989951504095	7.664260684316455	2.2204371243931e-15	0.14067644621817918
489	2.499989951504097	7.459674495012228	2.220437124393101e-15	0.1266088581398288
490	2.4999899515040993	7.24228217500249	2.2204371243931025e-15	0.11394802321498952
491	2.4999899515041015	7.012162208990409	2.2204371243931044e-15	0.10255326669374025
492	2.4999899515041037	6.769549634512774	2.220437124393107e-15	0.0922979038468666
493	2.499989951504106	6.514854638465314	2.220437124393109e-15	0.08306805781524619
494	2.499989951504108	7.561495308866418	2.2204371243931103e-15	0.13331512367010767
495	2.4999899515041104	7.3503758150754095	2.2204371243931127e-15	0.11998366488775572
496	2.4999899515041126	7.126471371799527	2.2204371243931143e-15	0.10798534662519457
497	2.499989951504115	6.889938787927576	2.220437124393117e-15	0.09718682709437634
498	2.499989951504117	8.52480763946836	4.148657034338055e-06	0.24257316904448464
499	2.4999941001611514	8.449603892832183	1.7202584174016777e-06	0.22915796243337727
500	2.499995820419569	8.364075429099202	7.397790400481406e-07	0.2153998170587159
501	2.499996560198609	8.209428319957619	2.3837355012331052e-07	0.1938598554552059
502	2.4999967985721594	8.2055686468298	2.1400987122794965e-07	0.1933697707687646
503	2.4999970125820306	8.038773366791503	2.220443395890142e-15	0.17403281679894128
504	2.4999970125820328	7.859725639922626	2.220443395890144e-15	0.15662955591539762
505	2.499997012582035	7.668128938216926	2.220443395890146e-15	0.14096661904057575
506	2.499997012582037	7.463792489992128	2.220443395890147e-15	0.12686997398156644
507	2.4999970125820394	8.653919782375983	1.629665229894053e-06	0.2691020320327329
508	2.4999986422472693	8.52276636810576	5.579802642092838e-07	0.2421917988059992
509	2.4999992002275335	8.448588945472569	2.3182429947900343e-07	0.22898631427117833
510	2.499999432051833	8.361932691952498	9.960089187713934e-08	0.21507395520040273
511	2.499999531652725	8.207118328365311	3.1769274085485125e-08	0.19356656243876352
512	2.4999995634219987	8.040439440089449	2.220445661491154e-15	0.1742099095751633
513	2.499999563422001	7.861511398367574	2.2204456614911558e-15	0.1567889216598954
514	2.499999563422003	7.670036743992503	2.2204456614911577e-15	0.14111003223192953
515	2.4999995634220054	7.465823595085757	2.220445661491159e-15	0.1269990314729578
516	2.4999995634220076	7.248804152793314	2.2204456614911605e-15	0.11429913054346122
517	2.49999956342201	7.019052505590617	2.2204456614911625e-15	0.1028692194851344
518	2.499999563422012	6.776800755040943	2.2204456614911652e-15	0.09258229609462593
519	2.4999995634220142	9.059907834101379	4.365779879833557e-07	0.40000000000000013
520	2.500000000000002	8.998528789448699	2.220446049250314e-15	0.37340062789763273
521	2.5000000000000044	8.897477768588843	2.220446049250316e-15	0.33606056510786925
522	2.5000000000000067	8.78735463614013	2.22044604925032e-15	0.30245450859708245
523	2.500000000000009	8.667576971710835	2.2204460492503198e-15	0.2722090577373737
524	2.500000000000011	8.537572305030423	2.2204460492503218e-15	0.2449881519636364
525	2.5000000000000133	8.455976415737323	2.2204460492503237e-15	0.2302446683836356
526	2.5000000000000155	8.377506965027164	2.2204460492503257e-15	0.2174648699289081
527	2.5000000000000178	8.223912275607292	2.2204460492503277e-15	0.1957183829360174
528	2.50000000000002	8.058497698859364	2.2204460492503312e-15	0.17614654464241583
529	2.500000000000022	7.8808705424206345	2.220446049250333e-15	0.15853189017817404
530	2.5000000000000244	7.690723345143359	2.220446049250335e-15	0.14267870116035639
531	2.5000000000000266	7.487852273296577	2.220446049250336e-15	0.12841083104432044
532	2.500000000000029	7.2721756530339405	2.2204460492503375e-15	0.11556974793988814
533	2.500000000000031	7.043751888322037	2.22044604925034e-15	0.10401277314589907
534	2.5000000000000333	6.802795881811923	-9.712529401965005e-16	0.09361149583130933
535	2.5000000000000324	6.549692978118562	-5.43825911336329e-15	0.0842503462481787
536	2.500000000000027	6.285009402939721	-7.602736158240605e-15	0.07582531162336109
537	2.5000000000000195	6.009498194784225	-7.0875593819345414e-15	0.06824278046102511
538	2.5000000000000124	5.724099732504367	-4.9756771972531e-15	0.061418502414922665
539	2.5000000000000075	5.482468840191653	-0.2952092391606034	0.052914978260145594
540	2.204790760839404	8.703420993474728	0.09046733731958409	0.2431938536465728
541	2.295258098158988	8.567458202729966	0.03988639355554197	0.22555682954515252
542	2.33514449171453	8.409990917835769	0.01474986770589281	0.20389852331367853
543	2.3498943594204227	8.257892940120502	2.087125458612269e-15	0.1847329237205199
544	2.349894359420425	8.095093387627998	2.0871254586122715e-15	0.1673688095025161
545	2.349894359420427	7.921299939139862	2.087125458612273e-15	0.15163684864680102
546	2.3498943594204293	7.736293646483766	2.0871254586122742e-15	0.13738362563418455
547	2.3498943594204316	8.476669788011689	0.023514487997673614	0.21639423155879953
548	2.373408847418105	8.32171514043186	0.006827634384421472	0.1955774468349468
549	2.3802364818025263	8.163328802171133	2.114074676919954e-15	0.17695662387597336
550	2.3802364818025286	7.993836477305749	2.114074676919956e-15	0.1601086794021253
551	2.380236481802531	7.812966564870663	2.114074676919958e-15	0.14486481861147865
552	2.380236481802533	7.620531112060226	2.114074676919959e-15	0.13107231756392856
553	2.380236481802535	7.416440291218375	2.114074676919961e-15	0.11859299308312567
554	2.3802364818025374	7.200716510987425	2.1140746769199624e-15	0.1073018183382211
555	2.3802364818025397	6.9512289155339	2.114074676919965e-15	0.09616290783787948
556	2.380236481802542	6.680640148049337	2.114074676919967e-15	0.08591078030288483
557	2.380236481802544	6.396529922803568	2.114074676919969e-15	0.07675165339939144
558	2.3802364818025463	8.042923306199095	2.114074676919972e-15	0.1647046444179827
559	2.3802364818025485	7.865294659371992	2.114074676919974e-15	0.14902320428334265
560	2.3802364818025508	7.6761443105732265	2.1140746769199742e-15	0.13483478558452944
561	2.380236481802553	7.475353218438524	2.1140746769199766e-15	0.12199723855795648
562	2.380236481802555	7.2629106571700035	2.1140746769199786e-15	0.11038194744216367
563	2.3802364818025574	7.025329348222778	2.114074676919981e-15	0.0992835450722059
564	2.3802364818025596	6.758699750833701	2.114074676919983e-15	0.0886987199136047
565	2.380236481802562	6.478339759375901	2.114074676919985e-15	0.07924236497186246
566	2.380236481802564	6.185075581735665	2.1140746769199865e-15	0.07079417169097978
567	2.3802364818025663	8.73938312849388	0.06866762046862088	0.27875968797504164
568	2.4489041022711873	8.586067848638207	0.022320166439452775	0.2496678449226888
569	2.47122426871064	8.48608553946277	0.009019231688763037	0.23258165184055926
570	2.480243500399403	8.408445947526339	0.003912973467478145	0.22024575275369127
571	2.4841564738668813	8.255531675550229	0.0014042921434400943	0.19830458456616298
572	2.4855607660103214	8.092458932049292	2.2076214332236804e-15	0.17858866076145777
573	2.4855607660103236	7.9173541947129245	2.2076214332236824e-15	0.1608329420237374
574	2.485560766010326	7.7299029673655575	2.207621433223684e-15	0.14484254000068875
575	2.485560766010328	7.529889515954094	2.2076214332236847e-15	0.13044194261368883
576	2.4855607660103303	8.495725417026602	0.005076640515970471	0.23581700776089987
577	2.4906374065263006	8.423035972681046	0.0021919668406842844	0.22374771903256105
578	2.492829373366985	8.29638940830655	0.0008788796438884131	0.20476499873815154
579	2.4937082530108734	8.136308724424609	0.00012861470178641092	0.1843348874588365
580	2.49383686771266	7.964370582204635	2.214972088154941e-15	0.16594684192481612
581	2.493836867712662	7.7800924062527645	2.214972088154943e-15	0.14939306782591236
582	2.4938368677126643	7.583224802104185	2.2149720881549433e-15	0.13449059021291385
583	2.4938368677126665	7.373631348730166	2.2149720881549453e-15	0.12107468652357772
584	2.4938368677126688	7.15130666022479	2.2149720881549472e-15	0.10899706584360756
585	2.493836867712671	6.916087482872731	2.21497208815495e-15	0.0981111498047637
586	2.493836867712673	6.667229593867804	2.214972088154952e-15	0.08826390357152061
587	2.4938368677126754	6.406420088551165	2.2149720881549535e-15	0.07940500839288327
588	2.4938368677126777	6.596257899086691	2.2149720881549555e-15	0.08571899519131755
589	2.49383686771268	6.3322541883250025	2.2149720881549575e-15	0.07711552806046862
590	2.493836867712682	6.057198952052978	2.2149720881549595e-15	0.06937557602923554
591	2.4938368677126843	5.772014247184782	2.214972088154962e-15	0.06241246958218643
592	2.4938368677126865	5.524557667178495	-0.2386706884484247	0.05425774737220886
593	2.2551661792642617	5.842393745068177	-0.49177156645103753	0.054316539730063715
594	1.763394612813224	6.262938902044988	-0.553434241342377	0.054892324732263575
595	1.2099603714708471	6.587661953621527	-0.4241541095690838	0.054888669009642496
596	0.7858062619017634	6.635127339201368	-0.1268401124367525	0.0539940412579609
597	0.6589661494650109	6.481222410748019	-0.026937763605884298	0.05124521840970357
598	0.6320283858591266	6.348997785263915	-0.035096083146072994	0.04889146807254528
599	0.5969323027130535	6.213678341598133	-0.03088585794257757	0.04667846710642803
600	0.5660464447704759	6.078795322800852	-0.02839594657599454	0.044620620099324756
601	0.5376504981944814	5.944648178149046	-0.026034872086487394	0.04270451871567035
602	0.511615626107994	5.811742615031423	-0.02393320950600684	0.040919654913430685
603	0.4876824166019872	5.680458697812598	-0.022047042676083643	0.03925573803969408
604	0.46563537392590354	5.551099230447298	-0.02035278638715724	0.03770309718891255
605	0.4452825875387463	5.423899552639468	-0.018828109106696148	0.03625272455697525
606	0.42645447843205014	8.549596349459062	1.6399914061439036	0.19063134153215258
607	2.0664458845759537	9.059907834101383	0.43355411542404887	0.4000000000000001
608	2.5000000000000027	8.983508918790937	2.2204460492503143e-15	0.3673807966860936
609	2.500000000000005	8.881096533787511	2.2204460492503162e-15	0.330642717017484
610	2.500000000000007	8.769521946423575	2.220446049250321e-15	0.29757844531573574
611	2.5000000000000093	8.648203605254329	2.22044604925032e-15	0.26782060078416176
612	2.5000000000000115	8.516571535927003	2.220446049250322e-15	0.24103854070574562
613	2.5000000000000138	8.445520898551083	2.220446049250324e-15	0.22846734331758475
614	2.500000000000016	8.355421953336052	2.220446049250326e-15	0.21408795230341157
615	2.500000000000018	8.200099183055967	2.220446049250328e-15	0.19267915707307048
616	2.5000000000000204	8.03289350512826	2.2204460492503312e-15	0.17341124136576352
617	2.5000000000000226	7.853423747258301	2.220446049250333e-15	0.15607011722918696
618	2.500000000000025	7.661396667128882	2.220446049250335e-15	0.14046310550626806
619	2.500000000000027	7.45662541061972	2.220446049250336e-15	0.12641679495564093
620	2.5000000000000293	7.239048003923026	2.220446049250338e-15	0.11377511546007658
621	2.5000000000000315	7.981901126028278	2.2204460492503415e-15	0.16817047106172772
622	2.5000000000000338	7.79879976699088	2.2204460492503435e-15	0.15135342395555465
623	2.500000000000036	7.603074853970833	2.220446049250344e-15	0.13621808155999884
624	2.500000000000038	9.127319057671247	0.09999999999999455	0.4866323606637038
625	2.600000000000033	9.039200570240926	2.3092638912203517e-15	0.43362937370108334
626	2.600000000000035	9.112481055209948	0.1599999999999882	0.5875917775840009
627	2.7600000000000233	8.986187315749026	0.04799999999999787	0.5150416453387283
628	2.808000000000021	8.857950890613843	0.03839999999999825	0.4510481677342811
629	2.8464000000000196	8.763016482012242	2.5281110538344507e-15	0.40063494895733115
630	2.8464000000000222	8.690463473983227	2.528111053834459e-15	0.36865181661480256
631	2.846400000000025	8.643330135831663	2.528111053834458e-15	0.35028142078787744
632	2.8464000000000276	8.554756055292879	2.5281110538344606e-15	0.3199360721225212
633	2.8464000000000302	8.426071504741918	2.528111053834466e-15	0.2835094306949391
634	2.846400000000033	8.286356111245402	2.528111053834465e-15	0.2515966094713604
635	2.8464000000000356	8.642136034403372	2.5281110538344673e-15	0.34983776151009205
636	2.8464000000000382	8.892085008845203	0.03071999999999494	0.4895433174314918
637	2.877120000000033	8.777588241255609	0.02060914031834199	0.42990686020261654
638	2.897729140318375	8.68598414781053	2.5737004885669733e-15	0.3848887323163056
639	2.897729140318378	8.62602194698751	2.5737004885669816e-15	0.35986962506569453
640	2.8977291403183805	8.568868597877286	2.5737004885669812e-15	0.3386545913293135
641	2.897729140318383	8.46804404410959	2.573700488566983e-15	0.30631755507164776
642	2.897729140318386	8.332703037011656	2.573700488566989e-15	0.27081254285076
643	2.8977291403183885	8.201968892409859	2.5737004885669883e-15	0.24290650972823374
644	2.897729140318391	8.108818749789416	2.5737004885669907e-15	0.22594951894885648
645	2.897729140318394	7.963983394174349	2.573700488566993e-15	0.2033501555861747
646	2.8977291403183965	7.817457830345919	2.5737004885669954e-15	0.18416233003066731
647	2.897729140318399	7.703960528299049	2.5737004885669974e-15	0.17130619482155954
648	2.897729140318402	7.551158346461202	2.5737004885670013e-15	0.15621513452931224
649	2.8977291403184045	7.33245735408569	2.573700488567004e-15	0.13810836862993822
650	2.897729140318407	7.096849993732556	2.573700488567005e-15	0.12210034285790568
651	2.89772914031841	6.844293184394608	2.573700488567007e-15	0.10794779399621669
652	2.8977291403184124	6.5750120670264	2.57370048856701e-15	0.09543565526437955
653	2.897729140318415	6.28953193384916	2.5737004885670124e-15	0.08437378809298043
654	2.8977291403184178	6.20041720172609	-0.056656963513822906	0.08009944561061667
655	2.841072176804595	6.135498003866269	-0.09515644587914829	0.07613780006398378
656	2.7459157309254465	6.025000941852317	-0.09945641187079686	0.07112829845966735
657	2.6464593190546495	6.253127698610477	-0.046790677135835484	0.07683745671921428
658	2.599668641918814	6.045205973238286	-0.043787440241756084	0.07011276118517519
659	2.555881201677058	5.797595859539825	-0.030558640243915018	0.06345360111912894
660	2.525322561433143	5.554111833719294	-0.19506343247166083	0.05570054223067621
661	2.3302591289614822	5.667584469676075	-0.4694407834184043	0.052358456729238896
662	1.860818345543078	6.261157871944899	-0.5561686505150748	0.0560892877331233
663	1.304649695028003	6.497970576141853	-0.46087535344742275	0.05415914671426967
664	0.8437743415805803	6.668238316508091	-0.18511690213543464	0.05452903716822145
665	0.6586574394451457	6.5003027038942705	-0.020402945758764886	0.05161124062565168
666	0.6382544936863808	6.369867727401877	-0.03638914774880075	0.04924656458106404
667	0.60186534593758	8.963644459489199	1.8312125222962805	0.33858491783483535
668	2.4330778682338607	8.802541651479954	0.04693885145078251	0.3018776709147044
669	2.4800167196846434	8.670158921718395	0.011024030537767194	0.2710492816249657
670	2.491040750222411	8.535420606347893	0.003732636213049335	0.24374287849406975
671	2.49477338643546	8.455975722497888	0.0015418880988137234	0.22971811380959029
672	2.4963152745342736	8.371708141084342	0.0006644198595944055	0.21618427832354145
673	2.496979694393868	8.217382271128873	0.00021853656752608415	0.19458322673199738
674	2.497198230961394	8.051469227803642	2.2179575784532393e-15	0.17514671114920125
675	2.4971982309613963	7.873350793458206	2.2179575784532413e-15	0.15765166885958143
676	2.4971982309613985	7.682725572910201	2.2179575784532432e-15	0.14190417011621104
677	2.4971982309614007	7.479396309974394	2.2179575784532444e-15	0.12772965641300094
678	2.497198230961403	7.263288302973429	2.217957578453246e-15	0.1149710055315667
679	2.497198230961405	7.034467167704275	2.217957578453248e-15	0.10348678986655531
680	2.4971982309614074	9.25000142560387	0.20280176903859476	0.6817912925645532
681	2.700000000000002	9.061875979928278	0.12000000000000156	0.5889578329675812
682	2.8200000000000034	8.94742729115622	0.03600000000000189	0.5167633894088389
683	2.856000000000005	8.82906275963594	0.028800000000001488	0.4531203398027718
684	2.8848000000000065	8.729740857251686	0.0013834814700996291	0.4006125205170354
685	2.886183481470106	8.654932056733166	2.5634458835367267e-15	0.3676193754896573
686	2.8861834814701086	8.609173846737608	2.5634458835367264e-15	0.3497980272616428
687	2.8861834814701113	8.530005691513209	2.5634458835367287e-15	0.32243361918158825
688	2.886183481470114	8.400521836235656	2.5634458835367342e-15	0.28520951575948733
689	2.8861834814701166	8.356703455513529	2.5634458835367362e-15	0.2743132308392199
690	2.8861834814701193	8.222543357042412	2.5634458835367362e-15	0.24513956143777577
691	2.886183481470122	8.128453322664217	2.5634458835367386e-15	0.22776811808302524
692	2.8861834814701246	7.990582444774487	2.5634458835367405e-15	0.20589251088420032
693	2.8861834814701273	7.842573844606759	2.563445883536743e-15	0.18614273658501587
694	2.88618348147013	7.727985500956892	2.563445883536745e-15	0.17295201377585556
695	2.8861834814701326	7.581948754365037	2.563445883536749e-15	0.1582696281325544
696	2.8861834814701353	7.365789974526388	2.5634458835367512e-15	0.1399978206791703
697	2.886183481470138	7.132872152042056	2.5634458835367524e-15	0.12383544477972855
698	2.8861834814701406	7.122574542863186	2.5634458835367547e-15	0.12318990985529539
699	2.8861834814701433	7.267709008774734	2.5634458835367583e-15	0.1328051189489439
700	2.886183481470146	7.027549570265398	2.563445883536759e-15	0.11747312132633893
701	2.8861834814701486	7.768194799742345	2.563445883536762e-15	0.17739677722826905
702	2.8861834814701512	7.649824447889621	2.5634458835367646e-15	0.16482582356880318
703	2.886183481470154	7.44125803166815	2.5634458835367678e-15	0.1459689815540357
704	2.8861834814701566	7.214066144759633	2.56344588353677e-15	0.1291172510193044
705	2.8861834814701592	6.97004148836483	2.5634458835367717e-15	0.11421100793671413
706	2.886183481470162	6.709281461449221	2.5634458835367737e-15	0.10102565095635394
707	2.8861834814701646	6.432165220144158	2.563445883536776e-15	0.08936250835655388
708	2.8861834814701672	6.256985622693685	-0.031899621801553306	0.0822728055085611
709	2.8542838596686138	6.183372034574852	-0.07918251617466576	0.07819494624714987
710	2.775101343493948	6.089606281389733	-0.09730322079326367	0.07350057961184407
711	2.6777981227006844	5.93037430625291	-0.08388362100579577	0.06774453164842953
712	2.5939145016948886	5.701407193344523	-0.05420984426778909	0.061458017052790095
713	2.5397046574270994	7.65162964502349	2.2557108691386494e-15	0.1420355867058938
714	2.5397046574271016	7.445346338208701	2.2557108691386502e-15	0.12760644906279967
715	2.539704657427104	7.2258662449969755	2.2557108691386522e-15	0.11464314134269851
716	2.539704657427106	6.993261266780285	2.255710869138654e-15	0.10299675254229342
717	2.5397046574271083	8.362157293282705	2.255710869138656e-15	0.22021691113664255
718	2.5397046574271105	8.234111362204644	2.255710869138658e-15	0.2013781035219002
719	2.5397046574271127	8.076763428513999	2.25571086913866e-15	0.18173273066609408
720	2.539704657427115	7.901764230398269	2.2557108691386633e-15	0.16340813978938865
721	2.539704657427117	7.712609356862863	2.2557108691386652e-15	0.14680780324200407
722	2.5397046574271194	7.510387673839222	2.2557108691386656e-15	0.13189386477638945
723	2.5397046574271216	7.294978238569424	2.2557108691386676e-15	0.11849500627004299
724	2.539704657427124	7.066404598991555	2.25571086913867e-15	0.10645731349780753
725	2.539704657427126	6.830155639396251	-0.0016493149532227451	0.09581386757271056
726	2.5380553424739034	6.597134274749749	-0.007133402520915569	0.08665299816856424
727	2.5309219399529876	6.353984418247865	-0.009865190625825776	0.07833656595066632
728	2.521056749327162	6.725973994530149	-0.002623738097800018	0.09110892113994397
729	2.518433011229362	6.479855659347299	-0.0048345035852694835	0.08220888109719157
730	2.5135985076440925	6.221293117715115	-0.005252536301046941	0.07413052189366225
731	2.5083459713430454	5.949036940132807	-0.0041548355789005	0.06678309899567349
732	2.504191135764145	5.6641649414685755	-0.0025070027683624175	0.0601219360513597
733	2.5016841329957824	5.4275044957228955	-0.36949111833057907	0.05115884702359706
734	2.1321930146652033	6.106893854851666	-0.5467648344184004	0.056944490395861073
735	1.5854281802468029	6.234915823049473	-0.5496909160526884	0.05226284114782827
736	1.0357372641941145	8.084796069816168	0.324395593055639	0.10992396693125163
737	1.3601328572497535	7.811106898691037	0.07681805354609632	0.10095329497790577
738	1.4369509107958498	7.561998905747531	0.025481708917809518	0.09224939922792517
739	1.4624326197136592	7.312344731210342	0.010114946636347157	0.08415488739313082
740	1.4725475663500065	7.079245079447388	-0.07531969396381354	0.07562608388733065
741	1.397227872386193	8.952609520759113	0.9545073807796213	0.31255528101305985
742	2.351735253165814	8.742731421935327	0.08250355696040207	0.27655310553936496
743	2.4342388101262165	8.582326636789645	0.027739502906263164	0.2474060932042698
744	2.4619783130324797	8.486164907592316	0.011406510045963872	0.231596921572906
745	2.4733848230784434	8.398692636264979	0.004935370477459314	0.21795408062978724
746	2.478320193555903	8.244641017937354	0.001678069960896785	0.19628055785964285
747	2.4799982635167996	8.080734294331664	2.202680938549406e-15	0.17680954015348194
748	2.479998263516802	7.904813206114726	2.202680938549408e-15	0.15927004605132827
749	2.479998263516804	7.716573828239971	2.2026809385494098e-15	0.14347046854582676
750	2.4799982635168063	7.5158117783726475	2.202680938549411e-15	0.1292382080314429
751	2.4799982635168085	7.302440021067495	2.2026809385494125e-15	0.1164177867715227
752	2.4799982635168107	7.076506128323123	2.2026809385494145e-15	0.10486915041008878
753	2.479998263516813	6.835068037873999	2.2026809385494173e-15	0.09433944834506744
754	2.479998263516815	6.579205128322343	2.2026809385494193e-15	0.08479379603670971
755	2.4799982635168174	6.311410761993061	2.2026809385494212e-15	0.0762140119795502
756	2.4799982635168196	6.032457108436017	2.2026809385494232e-15	0.06850236566251056
757	2.479998263516822	5.743313623281527	2.202680938549425e-15	0.06157101534845612
758	2.479998263516824	5.50026192628907	-0.2831929821168372	0.05314855208692162
759	2.1968052813999868	5.9679752849518115	-0.5073473873528448	0.05569605425306418
760	1.689457894047142	6.262170448151778	-0.5491480790655215	0.053996483440021184
761	1.1403098149816207	6.649719311754593	-0.3967371992808287	0.055362197079895786
762	0.743572615700792	6.610025345581127	-0.08478690767853883	0.05358735243248957
763	0.6587857080222532	6.466049961832292	-0.03153867857708109	0.05095865955240645
764	0.6272470294451722	6.3325797888442885	-0.03415622757482995	0.0486148732461654
765	0.5930908018703422	6.19736499421648	-0.030613376906781235	0.046421956908739
766	0.562477424963561	6.062533305594311	-0.028092172611411333	0.04438174819459588
767	0.5343852523521497	8.432237365236317	1.3554040623746562	0.16243417550623854
768	1.889789314726806	8.228291553848633	0.04256407198973877	0.14845295785792306
769	1.9323533867165446	8.050382447575807	0.014482345351754777	0.13639912100845902
770	1.9468357320682994	7.879479596476472	0.0029112883269095894	0.1256608021713036
771	1.949747020395209	7.645014214683542	1.7317232273896444e-15	0.11278573718802132
772	1.9497470203952108	7.357848610388498	1.7317232273896463e-15	0.09959151788649592
773	1.9497470203952125	7.052612908455529	1.7317232273896479e-15	0.08794082197114593
774	1.9497470203952143	6.730126309006035	1.7317232273896493e-15	0.07765308063458501
775	1.949747020395216	6.39158358958251	1.7317232273896509e-15	0.06856884887907744
776	1.9497470203952179	6.15561126784878	-0.047534339485510356	0.06235334672606291
777	1.9022126809097075	6.427239984100982	-0.27199562989315856	0.06409697665720718
778	1.630217051016549	6.538586811764752	-0.40344784107222253	0.06020151533462876
779	1.2267692099443264	6.690585700310034	-0.35711671079890495	0.05783174057362424
780	0.8696524991454214	6.810101296667517	-0.16206188924301068	0.05761944030058412
781	0.7075906099024107	6.649310847782704	-0.02686540298457759	0.05451233526826301
782	0.6807252069178331	6.520501607273589	-0.040031009535224454	0.05195126854586871
783	0.6406941973826087	6.385844590801316	-0.03459789436247292	0.04952587318032073
784	0.6060963030201357	6.250882980377025	-0.03180512676784914	0.04727132458405978
785	0.5742911762522865	6.115860517475291	-0.029074608235687766	0.045172270113789846
786	0.5452165680165988	8.835394083399668	1.846058146360422	0.2901047106825921
787	2.3912747143770208	8.653361245627258	0.050914901740501506	0.2582827161762739
788	2.4421896161175223	8.525464890843281	0.019778918334570437	0.2368158095615954
789	2.4619685344520925	8.44248301209647	0.00857715045544247	0.22388132697179217
790	2.470545684907535	8.315752343313292	0.00356011960087649	0.20520960849257092
791	2.4741058045084117	8.759454205428938	0.017115282231967573	0.29289628091372144
792	2.4912210867403792	8.631490448700399	0.004521456027353585	0.26334778878192894
793	2.495742542767733	8.505287259753365	0.001633102288488498	0.2385599638247229
794	2.4973756450562212	9.168345938128725	0.20262435494378092	0.5908463470851131
795	2.700000000000002	9.03067415186037	0.060000000000002114	0.5174349415999216
796	2.7600000000000042	8.893173095681137	0.0480000000000016	0.4526301240472888
797	2.808000000000006	8.799881660291534	2.494005002517954e-15	0.4028265063266384
798	2.8080000000000087	8.72823440121433	2.4940050025179614e-15	0.37099417247969596
799	2.8080000000000114	8.853393274259803	0.038400000000000205	0.4483621607992345
800	2.8464000000000116	8.758960873098438	2.5281110538344432e-15	0.3987136604534795
801	2.8464000000000143	8.688626688110347	2.528111053834451e-15	0.36790309424719847
802	2.846400000000017	8.639669084016822	2.528111053834451e-15	0.34892442158447456
803	2.8464000000000196	8.548632738108186	2.528111053834453e-15	0.3180143824521542
804	2.8464000000000222	8.419329352608942	2.5281110538344586e-15	0.2818065369236815
805	2.846400000000025	8.281538974835934	2.528111053834458e-15	0.2506103211248835
806	2.8464000000000276	8.183728059205105	2.5281110538344606e-15	0.23196083289618827
807	2.8464000000000302	8.058155910255241	2.528111053834463e-15	0.21132315557999667
808	2.846400000000033	7.914032337878332	2.5281110538344653e-15	0.19126128678097162
809	2.8464000000000356	7.795166667097334	2.5281110538344673e-15	0.17702833300470097
810	2.8464000000000382	7.657525274538729	2.5281110538344712e-15	0.16264115839144055
811	2.846400000000041	7.447641191192728	2.528111053834474e-15	0.1441234866616243
812	2.8464000000000436	7.677850212224481	2.5281110538344763e-15	0.16464094513011152
813	2.8464000000000462	7.469596271328458	2.5281110538344787e-15	0.14589558568137714
814	2.846400000000049	7.2450936854693495	2.5281110538344807e-15	0.1292844978780379
815	2.8464000000000516	7.004197136953966	2.528111053834482e-15	0.11456468208763555
816	2.846400000000054	6.74699542251574	2.5281110538344842e-15	0.10152080564386538
817	2.846400000000057	6.4738430488318635	2.5281110538344866e-15	0.0899620527964771
818	2.8464000000000595	6.306763719776983	-0.03338256810418169	0.08306566870451144
819	2.813017431895878	6.21432483725887	-0.07405025363020239	0.07843885598190631
820	2.7389671782656757	6.098078163609705	-0.0873362847638749	0.07326430889788706
821	2.651630893501801	5.920470243909387	-0.07309153707903332	0.06724661720747256
822	2.5785393564227674	5.680679155958874	-0.046029933547809404	0.06089816998635282
823	2.532509422874958	5.45200053364663	-0.348750452489368	0.052139013809539295
824	2.1837589703855897	6.007208730486219	-0.5347490165154895	0.055909119128540616
825	1.6490099538701002	6.239520876633231	-0.5558320647841499	0.05303438643388875
826	1.0931778890859503	6.678682434812194	-0.38263404074844803	0.05540060903706356
827	0.7105438483375022	6.579738018895732	-0.05565301594569652	0.05305474139858778
828	0.6548908323918057	6.442327715677207	-0.034322388630545646	0.050524296315092775
829	0.6205684437612601	6.307955263034527	-0.03322451724503004	0.04820394209809378
830	0.58734392651623	6.172816893137366	-0.03016110429307714	0.04604007919192013
831	0.5571828222231529	6.0380881307283225	-0.027647659862298973	0.044026190265385574
832	0.5295351623608539	5.904272134311884	-0.02537483909964729	0.04215093371960421
833	0.5041603232612065	5.771820850246367	-0.02334059990866753	0.04040373422231429
834	0.480819723352539	5.641090790984733	-0.02151508284857436	0.03877448805615049
835	0.45930464050396463	5.512362955872358	-0.01987436591342026	0.0372537196657699
836	0.4394302745905444	5.385854612720456	-0.01839704460116328	0.03583262823164676
837	0.42103322998938114	5.261729890071942	-0.0170642834318898	0.03450309796274386
838	0.4039689465574913	5.140108761928138	-0.015859533508069228	0.03325768237608469
839	0.3881094130494221	5.021074665865798	-0.014768279970451131	0.03208957305884942
840	0.373341133078971	4.904680932556784	-0.013777801348555021	0.03099255977159691
841	0.359563331730416	4.790956194520879	-0.012876948903971456	0.029960986494508523
842	0.34668638282644454	4.679908924085062	-0.012055948040660073	0.028989706423646233
843	0.33463043478578447	4.571531232369293	-0.011306221956803846	0.028074037824702327
844	0.3233242128289806	4.465802043606986	-0.010620236500189142	0.027209721899922358
845	0.3127039763287915	4.362689742967617	-0.009991364565927405	0.02639288331589569
846	0.30271261176286407	4.26215438158813	-0.009413768109395957	0.025619993701720706
847	0.2932988436534681	4.164149509814948	-0.008882295797828562	0.024887838206388985
848	0.2844165478556395	4.0686236986488575	-0.008392394399065698	0.024193485064347594
849	0.27602415345657383	3.975521799939374	-0.007940032147088268	0.02353425803337323
850	0.26808412130948556	3.884785987830096	-0.007521632494622444	0.022907711521201735
851	0.2605624888148631	3.7963566171410266	-0.007134016841277655	0.02231160819436362
852	0.2534284719735854	3.7101729286223515	-0.006774354998585908	0.021743898855788785
853	0.2466541169749995	3.626173626174646	-0.006440122314102376	0.021202704381068232
854	0.24021399466089713	3.5442973470662213	-0.006129062522206739	0.020686299512777742
855	0.2340849321386904	3.464483042770185	-0.005839155518481817	0.020193098325272947
856	0.22824577662020856	3.3866702851879964	-0.005568589367865575	0.019721641187053364
857	0.22267718725234298	3.3107995106348804	-0.0053157359552447655	0.019270583062991124
858	0.21736145129709822	3.2368122119601184	-0.005079129772154597	0.01883868301368346
859	0.2122823215249436	3.1646510874986307	-0.004857449406282001	0.01842479476346418
860	0.20742487211866162	3.0942601541461805	-0.004649501362998139	0.01802785822194445
861	0.2027753707556635	3.025584830674328	-0.004454205901579583	0.017646891856225453
862	0.1983211648540839	2.9585719964152277	-0.004270584614351463	0.01728098582209681
863	0.19405058023973246	2.893170029619842	-0.0040977495158409614	0.01692929577262444
864	0.1899528307238915	2.8293288290993575	-0.003934893442129285	0.016591037271589067
865	0.18601793728176222	8.737686179021122	2.034408808780267	0.23755258811549543
866	2.2204267460620293	8.577373848015403	0.03784299877019882	0.21674118382160684
867	2.258269744832228	8.42631335387817	0.009057114511801991	0.19680049692579651
868	2.2673268593440303	8.2753394172792	2.0137907868758294e-15	0.17895205482131213
869	2.2673268593440326	8.114276511582139	2.0137907868758313e-15	0.16272234280406533
870	2.2673268593440348	8.572231161027414	0.04058035191086603	0.22256556494848803
871	2.307907211254901	8.415875515567961	0.01376866027676769	0.2014683916445519
872	2.3216758715316685	8.264149553234189	2.0620624066329087e-15	0.18275861949425395
873	2.3216758715316708	8.101932086509777	2.0620624066329107e-15	0.165786368406484
874	2.321675871531673	7.9289476954530755	2.0620624066329127e-15	0.15039027995215615
875	2.321675871531675	7.744992094995487	2.0620624066329135e-15	0.13642398058104338
876	2.3216758715316774	7.549944900539993	2.0620624066329154e-15	0.1237546900205107
877	2.3216758715316796	7.343782256000299	2.0620624066329174e-15	0.11226195890813052
878	2.321675871531682	7.105253885975866	2.06206240663292e-15	0.10089204034533288
879	2.321675871531684	6.831729894386001	2.0620624066329217e-15	0.08985167983742988
880	2.3216758715316863	6.54354437867225	2.062062406632924e-15	0.08001943802479027
881	2.3216758715316885	6.2415720590537855	2.062062406632926e-15	0.071263113537649
882	2.3216758715316907	5.92696622837627	2.062062406632928e-15	0.06346497146738947
883	2.321675871531693	5.659207648771787	-0.17140996233776817	0.05557018364777979
884	2.1502659091939247	8.723121020671895	0.08546024208552731	0.23735125047761543
885	2.235726151279452	8.565411938011318	0.036529857716321376	0.21675521748109772
886	2.2722560089957735	8.413605612491592	0.009046588040214241	0.1966924201433847
887	2.281302597035988	8.261737718680516	2.0262037354932157e-15	0.17874382298776886
888	2.28130259703599	8.099658213357888	2.0262037354932177e-15	0.16243307308432323
889	2.2813025970359924	7.927119317032018	2.0262037354932185e-15	0.1476107134254509
890	2.2813025970359946	7.74394203441604	2.0262037354932205e-15	0.13414092526993815
891	2.281302597035997	7.550027844764232	2.0262037354932224e-15	0.1219002836224532
892	2.281302597035999	7.3453701919208125	2.0262037354932244e-15	0.11077662627816003
893	2.2813025970360012	7.219782441962748	2.026203735493227e-15	0.10470356569712821
894	2.2813025970360035	6.945416110374856	2.0262037354932288e-15	0.09305961805957556
895	2.2813025970360057	6.65560968265766	2.026203735493231e-15	0.08271057872512946
896	2.281302597036008	6.3512012884996185	2.0262037354932327e-15	0.07351244262217252
897	2.28130259703601	6.033327555845794	2.026203735493235e-15	0.06533721929618565
898	2.2813025970360123	5.738382343158908	-0.09026617408333801	0.05762593070641435
899	2.191036422952674	5.880377412511654	-0.363335921162722	0.05579939429583102
900	1.8277005017899521	6.370760480449746	-0.4894818002245263	0.058574966752149814
901	1.3382187015654259	6.508617608447244	-0.44213546456453884	0.05502171268752857
902	0.8960832370008871	6.750386468924079	-0.2185731366309989	0.05615752094662932
903	0.6775101003698882	6.574240450672077	-0.017880631422272367	0.053028082389178784
904	0.6596294689476159	6.445824820768893	-0.03883223532780968	0.05057906815111855
905	0.6207972336198062	8.672313768057084	1.5222610412769884	0.2159329593245496
906	2.1430582748967946	8.560554182615489	0.014958435838697649	0.20206077581578338
907	2.158016710735492	8.418781353820693	1.916703871827512e-15	0.18461875458399787
908	2.158016710735494	8.267914190157693	1.9167038718275137e-15	0.16868234028370013
909	2.1580167107354957	8.107723470472111	1.9167038718275153e-15	0.15412156791817225
910	2.1580167107354975	7.938031347340681	1.9167038718275157e-15	0.1408176911560852
911	2.1580167107354993	7.75872015641397	1.9167038718275176e-15	0.1286622139288042
912	2.158016710735501	8.900773180672454	0.2434541118432525	0.3102601166677181
913	2.4014708225787533	8.720896205559434	0.055459392878452855	0.27602014053394536
914	2.456930215457206	8.941150549566226	0.03445582763423729	0.3485995314568969
915	2.4913860430914436	8.827078143556095	0.006597023646844435	0.3133319292731526
916	2.497983066738288	8.709232205826607	0.001228944266300526	0.2819256995881377
917	2.4992120110045883	8.582272289063924	0.0003690900136428989	0.2537124886021841
918	2.499581101018231			
